datasheetid,filename,modtime,status
1,1_fuel_bob_ls_b_12.pdf,2023-01-18 13:51:33.088346,Started
2,1_fuel_bob_ls_b_3.pdf,2023-01-18 13:51:33.126194,Started
3,1_fuel_bob_ls_b_5.pdf,2023-01-18 13:51:33.157468,Started
4,1_fuel_bob_ls_b_6.pdf,2023-01-18 13:51:33.173083,Started
5,1_fuel_bob_ls_b_9.pdf,2023-01-18 13:51:33.204346,Started
6,1_fuel_bob_ls_nb_1.pdf,2023-01-18 13:51:33.242135,Started
7,1_fuel_bob_ls_nb_12.pdf,2023-01-18 13:51:33.273386,Started
8,1_fuel_bob_ls_nb_3.pdf,2023-01-18 13:51:33.304638,Started
9,1_fuel_bob_ls_nb_6.pdf,2023-01-18 13:51:33.326827,Started
10,1_fuel_bob_ls_nb_9.pdf,2023-01-18 13:51:33.358174,Started
11,1_fuel_bob_m_b_1.pdf,2023-01-18 13:51:33.389410,Started
12,1_fuel_bob_m_b_11.pdf,2023-01-18 13:51:33.420596,Started
13,1_fuel_bob_m_b_4.pdf,2023-01-18 13:51:33.442742,Started
14,1_fuel_bob_m_b_6.pdf,2023-01-18 13:51:33.473987,Started
15,1_fuel_bob_m_b_7.pdf,2023-01-18 13:51:33.505238,Started
16,1_fuel_bob_m_nb_1.pdf,2023-01-18 13:51:33.527373,Started
17,1_fuel_bob_m_nb_10.pdf,2023-01-18 13:51:33.558630,Started
18,1_fuel_bob_m_nb_11.pdf,2023-01-18 13:51:33.589887,Started
19,1_fuel_bob_m_nb_3.pdf,2023-01-18 13:51:33.605512,Started
20,1_fuel_bob_m_nb_9.pdf,2023-01-18 13:51:33.643381,Started
21,1_fuel_bob_np_b_12.pdf,2023-01-18 13:51:33.674618,Started
22,1_fuel_bob_np_nb_1.pdf,2023-01-18 13:51:33.690249,Started
23,1_fuel_bob_np_nb_11.pdf,2023-01-18 13:51:33.727931,Started
24,1_fuel_bob_np_nb_12.pdf,2023-01-18 13:51:33.759196,Started
25,1_fuel_bob_np_nb_2.pdf,2023-01-18 13:51:33.774819,Started
26,1_fuel_bob_np_nb_7.pdf,2023-01-18 13:51:33.806142,Started
27,1_fuel_crib_ls_b_1.pdf,2023-01-18 13:51:33.843425,Started
28,1_fuel_crib_ls_b_11.pdf,2023-01-18 13:51:33.874734,Started
29,1_fuel_crib_ls_b_14.pdf,2023-01-18 13:51:33.905921,Started
30,1_fuel_crib_ls_b_21.pdf,2023-01-18 13:51:33.928070,Started
31,1_fuel_crib_ls_b_23.pdf,2023-01-18 13:51:33.959341,Started
32,1_fuel_crib_ls_b_8.pdf,2023-01-18 13:51:33.990588,Started
33,1_fuel_crib_ls_nb_11.pdf,2023-01-18 13:51:34.021837,Started
34,1_fuel_crib_ls_nb_2.pdf,2023-01-18 13:51:34.043972,Started
35,1_fuel_crib_ls_nb_4.pdf,2023-01-18 13:51:34.075231,Started
36,1_fuel_crib_ls_nb_8.pdf,2023-01-18 13:51:34.106473,Started
37,1_fuel_crib_ls_nb_9.pdf,2023-01-18 13:51:34.128626,Started
38,1_fuel_crib_m_b_10.pdf,2023-01-18 13:51:34.159895,Started
39,1_fuel_crib_m_b_12.pdf,2023-01-18 13:51:34.191137,Started
40,1_fuel_crib_m_b_19.pdf,2023-01-18 13:51:34.222395,Started
41,1_fuel_crib_m_b_2.pdf,2023-01-18 13:51:34.244545,Started
42,1_fuel_crib_m_b_4.pdf,2023-01-18 13:51:34.275795,Started
43,1_fuel_crib_m_nb_1.pdf,2023-01-18 13:51:34.307054,Started
44,1_fuel_crib_m_nb_10.pdf,2023-01-18 13:51:34.344804,Started
45,1_fuel_crib_m_nb_3.pdf,2023-01-18 13:51:34.360430,Started
46,1_fuel_crib_m_nb_5.pdf,2023-01-18 13:51:34.391687,Started
47,1_fuel_crib_m_nb_6.pdf,2023-01-18 13:51:34.429086,Started
48,1_fuel_crib_np_b_10.pdf,2023-01-18 13:51:34.460357,Started
49,1_fuel_crib_np_b_12.pdf,2023-01-18 13:51:34.491595,Started
50,1_fuel_crib_np_b_17.pdf,2023-01-18 13:51:34.522855,Started
51,1_fuel_crib_np_b_2.pdf,2023-01-18 13:51:34.545007,Started
52,1_fuel_crib_np_b_4.pdf,2023-01-18 13:51:34.576274,Started
53,1_fuel_crib_np_nb_1.pdf,2023-01-18 13:51:34.607513,Started
54,1_fuel_crib_np_nb_6.pdf,2023-01-18 13:51:34.629658,Started
55,1_fuel_crib_np_nb_9.pdf,2023-01-18 13:51:34.660922,Started
56,1_fuel_fair_ls_b_1.pdf,2023-01-18 13:51:34.692240,Started
57,1_fuel_fair_ls_b_10.pdf,2023-01-18 13:51:34.723515,Started
58,1_fuel_fair_ls_b_2.pdf,2023-01-18 13:51:34.745278,Started
59,1_fuel_fair_ls_b_9.pdf,2023-01-18 13:51:34.776482,Started
60,1_fuel_fair_ls_b_8.pdf,2023-01-18 13:51:34.807750,Started
61,1_fuel_fair_ls_nb_1.pdf,2023-01-18 13:51:34.829841,Started
62,1_fuel_fair_ls_nb_11.pdf,2023-01-18 13:51:34.861108,Started
63,1_fuel_fair_ls_nb_4.pdf,2023-01-18 13:51:34.892350,Started
64,1_fuel_fair_ls_nb_5.pdf,2023-01-18 13:51:34.923609,Started
65,1_fuel_fair_ls_nb_7.pdf,2023-01-18 13:51:34.945773,Started
66,1_fuel_fair_m_b_10.pdf,2023-01-18 13:51:34.977037,Started
67,1_fuel_fair_m_b_3.pdf,2023-01-18 13:51:35.002343,Started
68,1_fuel_fair_m_b_4.pdf,2023-01-18 13:51:35.045671,Started
69,1_fuel_fair_m_b_6.pdf,2023-01-18 13:51:35.061284,Started
70,1_fuel_fair_m_b_7.pdf,2023-01-18 13:51:35.092539,Started
71,1_fuel_fair_np_b_2.pdf,2023-01-18 13:51:35.130296,Started
72,1_fuel_fair_np_b_3.pdf,2023-01-18 13:51:35.161552,Started
73,1_fuel_fair_np_b_5.pdf,2023-01-18 13:51:35.192807,Started
74,1_fuel_fair_np_b_7.pdf,2023-01-18 13:51:35.378125,Started
75,1_fuel_fair_np_b_9.pdf,2023-01-18 13:51:35.431596,Started
76,1_fuel_fair_np_nb_10.pdf,2023-01-18 13:51:35.462956,Started
77,1_fuel_fair_np_nb_7.pdf,2023-01-18 13:51:35.494106,Started
78,1_fuel_hare_ls_b_10.pdf,2023-01-18 13:51:35.532008,Started
79,1_fuel_hare_ls_b_12.pdf,2023-01-18 13:51:35.563279,Started
80,1_fuel_hare_ls_b_2.pdf,2023-01-18 13:51:35.594603,Started
81,1_fuel_hare_ls_b_5.pdf,2023-01-18 13:51:35.610226,Started
82,1_fuel_hare_ls_b_6.pdf,2023-01-18 13:51:35.647936,Started
83,1_fuel_hare_ls_nb_10.pdf,2023-01-18 13:51:35.679187,Started
84,1_fuel_hare_ls_nb_2.pdf,2023-01-18 13:51:35.694813,Started
85,1_fuel_hare_ls_nb_4.pdf,2023-01-18 13:51:35.732574,Started
86,1_fuel_hare_ls_nb_6.pdf,2023-01-18 13:51:35.763839,Started
87,1_fuel_hare_ls_nb_9.pdf,2023-01-18 13:51:35.779457,Started
88,1_fuel_hare_m_b_1.pdf,2023-01-18 13:51:35.810807,Started
89,1_fuel_hare_m_b_4.pdf,2023-01-18 13:51:35.848231,Started
90,1_fuel_hare_m_b_5.pdf,2023-01-18 13:51:35.863788,Started
91,1_fuel_hare_m_b_8.pdf,2023-01-18 13:51:35.895027,Started
92,1_fuel_hare_m_b_9.pdf,2023-01-18 13:51:35.932803,Started
93,1_fuel_hare_m_nb_1.pdf,2023-01-18 13:51:35.964063,Started
94,1_fuel_hare_m_nb_10.pdf,2023-01-18 13:51:35.979697,Started
95,1_fuel_hare_m_nb_3.pdf,2023-01-18 13:51:36.010944,Started
96,1_fuel_hare_m_nb_5.pdf,2023-01-18 13:51:36.048798,Started
97,1_fuel_hare_m_nb_9.pdf,2023-01-18 13:51:36.079994,Started
98,1_fuel_hare_np_b_1.pdf,2023-01-18 13:51:36.095617,Started
99,1_fuel_hare_np_b_10.pdf,2023-01-18 13:51:36.132947,Started
100,1_fuel_hare_np_b_3.pdf,2023-01-18 13:51:36.164214,Started
101,1_fuel_hare_np_b_4.pdf,2023-01-18 13:51:36.179838,Started
102,1_fuel_hare_np_b_8.pdf,2023-01-18 13:51:36.211079,Started
103,1_fuel_hare_np_nb_1.pdf,2023-01-18 13:51:36.248876,Started
104,1_fuel_hare_np_nb_11.pdf,2023-01-18 13:51:36.280127,Started
105,1_fuel_hare_np_nb_5.pdf,2023-01-18 13:51:36.295746,Started
106,1_fuel_hare_np_nb_6.pdf,2023-01-18 13:51:36.333497,Started
107,1_fuel_hare_np_nb_8.pdf,2023-01-18 13:51:36.364762,Started
108,1_regen_bob_ls_b.pdf,2023-01-18 13:51:36.380378,Complete
109,1_regen_bob_ls_nb.pdf,2023-01-18 13:51:36.465041,Complete
110,1_regen_bob_m_b.pdf,2023-01-18 13:51:36.534057,Complete
111,1_regen_bob_m_nb.pdf,2023-01-18 13:51:36.612221,Complete
112,1_regen_bob_np_nb.pdf,2023-01-18 13:51:36.681293,Complete
113,1_regen_crib_ls_b.pdf,2023-01-18 13:51:36.765949,Complete
114,1_regen_crib_ls_nb.pdf,2023-01-18 13:51:36.850610,Complete
115,1_regen_crib_m_b.pdf,2023-01-18 13:51:36.928733,Complete
116,1_regen_crib_m_nb.pdf,2023-01-18 13:51:36.997777,Complete
117,1_regen_crib_np_b.pdf,2023-01-18 13:51:37.082417,Complete
118,1_regen_crib_np_nb.pdf,2023-01-18 13:51:37.151525,Complete
119,1_regen_fair_ls_b.pdf,2023-01-18 13:51:37.198403,Complete
120,1_regen_fair_ls_nb.pdf,2023-01-18 13:51:37.283059,Complete
121,1_regen_fair_m_b.pdf,2023-01-18 13:51:37.352080,Complete
122,1_regen_fair_np_b.pdf,2023-01-18 13:51:37.430203,Complete
123,1_regen_hare_ls_b.pdf,2023-01-18 13:51:37.499249,Started
124,1_regen_hare_ls_nb.pdf,2023-01-18 13:51:37.583904,Started
125,1_regen_hare_m_b.pdf,2023-01-18 13:51:37.652911,Started
126,1_regen_hare_m_nb.pdf,2023-01-18 13:51:37.737137,Started
127,1_regen_hare_np_b.pdf,2023-01-18 13:51:37.815351,Started
128,1_regen_hare_np_nb.pdf,2023-01-18 13:51:37.884299,Started
129,1_tree_bob_ls_b_12.pdf,2023-01-18 13:51:37.968930,Complete
130,1_tree_bob_ls_b_3.pdf,2023-01-18 13:51:37.984559,Complete
131,1_tree_bob_ls_b_5.pdf,2023-01-18 13:51:38.000194,Complete
132,1_tree_bob_ls_b_6.pdf,2023-01-18 13:51:38.031435,Complete
133,1_tree_bob_ls_b_9.pdf,2023-01-18 13:51:38.053594,Complete
134,1_tree_bob_ls_nb_1.pdf,2023-01-18 13:51:38.069228,Complete
135,1_tree_bob_ls_nb_12.pdf,2023-01-18 13:51:38.084844,Complete
136,1_tree_bob_ls_nb_3.pdf,2023-01-18 13:51:38.116096,Complete
137,1_tree_bob_ls_nb_6.pdf,2023-01-18 13:51:38.138232,Complete
138,1_tree_bob_ls_nb_9.pdf,2023-01-18 13:51:38.153871,Complete
139,1_tree_bob_m_b_1.pdf,2023-01-18 13:51:38.185122,Complete
140,1_tree_bob_m_b_11.pdf,2023-01-18 13:51:38.200748,Complete
141,1_tree_bob_m_b_4.pdf,2023-01-18 13:51:38.216375,Complete
142,1_tree_bob_m_b_6.pdf,2023-01-18 13:51:38.253926,Complete
143,1_tree_bob_m_b_7.pdf,2023-01-18 13:51:38.273320,Complete
144,1_tree_bob_m_nb_1.pdf,2023-01-18 13:51:38.289024,Complete
145,1_tree_bob_m_nb_10.pdf,2023-01-18 13:51:38.320187,Complete
146,1_tree_bob_m_nb_11.pdf,2023-01-18 13:51:38.338821,Complete
147,1_tree_bob_m_nb_3.pdf,2023-01-18 13:51:38.354451,Complete
148,1_tree_bob_m_nb_9.pdf,2023-01-18 13:51:38.385710,Complete
149,1_tree_bob_np_b_12.pdf,2023-01-18 13:51:38.401326,Complete
150,1_tree_bob_np_nb_1.pdf,2023-01-18 13:51:38.432582,Complete
151,1_tree_bob_np_nb_11.pdf,2023-01-18 13:51:38.454746,Complete
152,1_tree_bob_np_nb_12.pdf,2023-01-18 13:51:38.470371,Complete
153,1_tree_bob_np_nb_2.pdf,2023-01-18 13:51:38.501625,Complete
154,1_tree_bob_np_nb_7.pdf,2023-01-18 13:51:38.517248,Complete
155,1_tree_crib_ls_b_1.pdf,2023-01-18 13:51:38.539384,Complete
156,1_tree_crib_ls_b_11.pdf,2023-01-18 13:51:38.555024,Complete
157,1_tree_crib_ls_b_14.pdf,2023-01-18 13:51:38.586273,Complete
158,1_tree_crib_ls_b_21.pdf,2023-01-18 13:51:38.601902,Complete
159,1_tree_crib_ls_b_23.pdf,2023-01-18 13:51:38.617523,Complete
160,1_tree_crib_ls_b_8.pdf,2023-01-18 13:51:38.639682,Complete
161,1_tree_crib_ls_nb_11.pdf,2023-01-18 13:51:38.670940,Complete
162,1_tree_crib_ls_nb_2.pdf,2023-01-18 13:51:38.686642,Complete
163,1_tree_crib_ls_nb_4.pdf,2023-01-18 13:51:38.702297,Complete
164,1_tree_crib_ls_nb_8.pdf,2023-01-18 13:51:38.733516,Complete
165,1_tree_crib_ls_nb_9.pdf,2023-01-18 13:51:38.755328,Complete
166,1_tree_crib_m_b_10.pdf,2023-01-18 13:51:38.770937,Complete
167,1_tree_crib_m_b_12.pdf,2023-01-18 13:51:38.802141,Complete
168,1_tree_crib_m_b_19.pdf,2023-01-18 13:51:38.817822,Complete
169,1_tree_crib_m_b_2.pdf,2023-01-18 13:51:38.840013,Complete
170,1_tree_crib_m_b_4.pdf,2023-01-18 13:51:38.871279,Complete
171,1_tree_crib_m_nb_1.pdf,2023-01-18 13:51:38.886904,Complete
172,1_tree_crib_m_nb_10.pdf,2023-01-18 13:51:38.918144,Complete
173,1_tree_crib_m_nb_3.pdf,2023-01-18 13:51:38.940306,Complete
174,1_tree_crib_m_nb_5.pdf,2023-01-18 13:51:38.955941,Complete
175,1_tree_crib_m_nb_6.pdf,2023-01-18 13:51:38.971567,Complete
176,1_tree_crib_np_b_10.pdf,2023-01-18 13:51:39.002825,Complete
177,1_tree_crib_np_b_12.pdf,2023-01-18 13:51:39.018449,Complete
178,1_tree_crib_np_b_17.pdf,2023-01-18 13:51:39.040577,Complete
179,1_tree_crib_np_b_2.pdf,2023-01-18 13:51:39.071845,Complete
180,1_tree_fair_np_b_3(1).pdf,2023-01-18 13:51:39.087470,Complete
181,1_tree_crib_np_b_4.pdf,2023-01-18 13:51:39.118718,Complete
182,1_tree_crib_np_nb_1.pdf,2023-01-18 13:51:39.140858,Complete
183,1_tree_crib_np_nb_6.pdf,2023-01-18 13:51:39.156503,Complete
184,1_tree_crib_np_nb_9.pdf,2023-01-18 13:51:39.187747,Complete
185,1_tree_fair_ls_b_1.pdf,2023-01-18 13:51:39.203365,Complete
186,1_tree_fair_ls_b_10.pdf,2023-01-18 13:51:39.234623,Complete
187,1_tree_fair_ls_b_2.pdf,2023-01-18 13:51:39.256779,Complete
188,1_tree_fair_ls_b_9.pdf,2023-01-18 13:51:39.272402,Complete
189,1_tree_fair_ls_b_8.pdf,2023-01-18 13:51:39.288028,Complete
190,1_tree_fair_ls_nb_1.pdf,2023-01-18 13:51:39.319356,Complete
191,1_tree_fair_ls_nb_11.pdf,2023-01-18 13:51:39.341483,Complete
192,1_tree_fair_ls_nb_4.pdf,2023-01-18 13:51:39.357198,Complete
193,1_tree_fair_ls_nb_5.pdf,2023-01-18 13:51:39.388386,Complete
194,1_tree_fair_ls_nb_7.pdf,2023-01-18 13:51:39.404011,Complete
195,1_tree_fair_m_b_10.pdf,2023-01-18 13:51:39.435251,Complete
196,1_tree_fair_m_b_3.pdf,2023-01-18 13:51:39.457395,Complete
197,1_tree_fair_m_b_4.pdf,2023-01-18 13:51:39.473011,Complete
198,1_tree_fair_m_b_6.pdf,2023-01-18 13:51:39.488635,Complete
199,1_tree_fair_m_b_7.pdf,2023-01-18 13:51:39.523561,Complete
200,1_tree_fair_np_b_2.pdf,2023-01-18 13:51:39.541686,Complete
201,1_tree_fair_np_b_3.pdf,2023-01-18 13:51:39.557325,Complete
202,1_tree_fair_np_b_5.pdf,2023-01-18 13:51:39.588575,Complete
203,1_tree_fair_np_b_7.pdf,2023-01-18 13:51:39.604201,Complete
204,1_tree_fair_np_b_9.pdf,2023-01-18 13:51:39.626288,Complete
205,1_tree_fair_np_nb_10.pdf,2023-01-18 13:51:39.657473,Complete
206,1_tree_hare_ls_b_10.pdf,2023-01-18 13:51:39.673107,Complete
207,1_tree_hare_ls_b_12.pdf,2023-01-18 13:51:39.704348,Complete
208,1_tree_hare_ls_b_2.pdf,2023-01-18 13:51:39.719972,Complete
209,1_tree_hare_ls_b_5.pdf,2023-01-18 13:51:39.742242,Complete
210,1_tree_hare_ls_b_6.pdf,2023-01-18 13:51:39.773502,Complete
211,1_tree_hare_ls_nb_10.pdf,2023-01-18 13:51:39.789135,Complete
212,1_tree_hare_ls_nb_2.pdf,2023-01-18 13:51:39.804773,Complete
213,1_tree_hare_ls_nb_4.pdf,2023-01-18 13:51:39.842516,Complete
214,1_tree_hare_ls_nb_6.pdf,2023-01-18 13:51:39.858155,Complete
215,1_tree_hare_ls_nb_9.pdf,2023-01-18 13:51:39.873777,Complete
216,1_tree_hare_m_b_1.pdf,2023-01-18 13:51:39.905036,Complete
217,1_tree_hare_m_b_4.pdf,2023-01-18 13:51:39.920649,Complete
218,1_tree_hare_m_b_5.pdf,2023-01-18 13:51:39.942683,Complete
219,1_tree_hare_m_b_8.pdf,2023-01-18 13:51:39.973946,Complete
220,1_tree_hare_m_b_9.pdf,2023-01-18 13:51:39.989571,Complete
221,1_tree_hare_m_nb_1.pdf,2023-01-18 13:51:40.005194,Complete
222,1_tree_hare_m_nb_10.pdf,2023-01-18 13:51:40.036444,Complete
223,1_tree_hare_m_nb_3.pdf,2023-01-18 13:51:40.058596,Complete
224,1_tree_hare_m_nb_5.pdf,2023-01-18 13:51:40.074228,Complete
225,1_tree_hare_m_nb_9.pdf,2023-01-18 13:51:40.089856,Complete
226,1_tree_hare_np_b_1.pdf,2023-01-18 13:51:40.121104,Complete
227,1_tree_hare_np_b_10.pdf,2023-01-18 13:51:40.143246,Complete
228,1_tree_hare_np_b_3.pdf,2023-01-18 13:51:40.158892,Complete
229,1_tree_hare_np_b_4.pdf,2023-01-18 13:51:40.190143,Complete
230,1_tree_hare_np_b_8.pdf,2023-01-18 13:51:40.205762,Complete
231,1_tree_hare_np_nb_1.pdf,2023-01-18 13:51:40.237012,Complete
232,1_tree_hare_np_nb_11.pdf,2023-01-18 13:51:40.259168,Complete
233,1_tree_hare_np_nb_5.pdf,2023-01-18 13:51:40.274794,Complete
234,1_tree_hare_np_nb_6.pdf,2023-01-18 13:51:40.306042,Complete
235,1_tree_hare_np_nb_8.pdf,2023-01-18 13:51:40.321738,Complete
236,1_tree_fair_np_nb_5.pdf,2023-01-18 13:52:39.103458,Complete
237,1_fuel_fair_np_nb_3.pdf,2023-01-18 13:52:58.742171,Started
238,1_fuel_bob_np_b_3.pdf,2023-01-18 13:53:48.393246,Started
239,1_tree_bob_np_b_1.pdf,2023-01-18 13:54:14.773948,Complete
240,1_fuel_bob_np_b_6.pdf,2023-01-18 13:54:25.237088,Started
241,1_regen_bob_np_b.pdf,2023-01-18 13:54:55.495967,Complete
242,1_tree_bob_np_b_9.pdf,2023-01-18 13:55:12.100443,Complete
243,1_fuel_bob_np_b_9.pdf,2023-01-18 13:55:22.048620,Started
244,1_regen_bob_m_nb(1).pdf,2023-01-18 13:55:47.814049,Complete
245,1_tree_bob_m_nb_8.pdf,2023-01-18 13:56:06.561786,Complete
246,1_fuel_bob_m_nb_8.pdf,2023-01-18 13:56:16.041108,Started
247,1_regen_crib_np_nb(1).pdf,2023-01-18 13:56:30.945086,Complete
248,1_tree_dun_ls_b_10.pdf,2023-01-18 13:57:09.175498,Complete
249,1_fuel_dun_ls_b_17.pdf,2023-01-18 13:57:26.169773,Started
250,1_fuel_dun_ls_b_20.pdf,2023-01-18 13:57:40.420841,Started
251,1_tree_dun_ls_b_17.pdf,2023-01-18 13:57:55.532447,Complete
252,1_tree_crib_np_nb_12.pdf,2023-01-18 14:02:33.774954,Complete
253,1_fuel_dun_ls_b_2.pdf,2023-01-18 14:02:55.497328,Started
254,1_tree_crib_np_nb_7.pdf,2023-01-18 14:03:16.425491,Complete
255,1_tree_dun_ls_b_20.pdf,2023-01-18 14:03:30.234347,Complete
256,1_fuel_crib_np_nb_12.pdf,2023-01-18 14:03:50.168203,Started
257,1_fuel_dun_ls_b_10.pdf,2023-01-18 14:04:16.272755,Started
258,1_tree_dun_ls_b_10(1).pdf,2023-01-18 14:04:37.230358,Complete
259,1_fuel_crib_np_nb_7.pdf,2023-01-18 14:05:11.719948,Started
260,1_tree_bob_m_nb_7.pdf,2023-01-18 14:05:30.096401,Complete
261,1_fuel_bob_m_nb_7.pdf,2023-01-18 14:05:47.253694,Started
262,1_tree_bob_np_b_6.pdf,2023-01-18 14:06:03.606439,Complete
263,1_regen_bob_np_b(1).pdf,2023-01-18 14:06:22.130362,Complete
264,1_fuel_bob_np_b_1.pdf,2023-01-18 14:06:32.081651,Started
265,1_tree_bob_np_b_3.pdf,2023-01-18 14:06:41.274678,Complete
266,1_fuel_fair_np_nb_1.pdf,2023-01-18 14:06:54.480677,Started
267,1_fuel_fair_np_nb_5.pdf,2023-01-18 14:07:01.444313,Started
268,1_tree_fair_np_nb_7.pdf,2023-01-18 14:07:13.007133,Complete
269,1_fuel_camp8_ls_nb_6.pdf,2023-01-18 14:21:18.313648,Started
270,1_tree_camp8_ls_nb_6.pdf,2023-01-18 14:21:28.526477,Complete
271,1_tree_camp8_ls_nb_4.pdf,2023-01-18 14:21:41.774341,Complete
272,1_regen_camp8_ls_nb.pdf,2023-01-18 14:21:55.895976,Complete
273,1_fuel_camp8_ls_nb_4.pdf,2023-01-18 14:22:29.492031,Started
274,1_fuel_camp8_m_nb_6.pdf,2023-01-18 14:22:55.245157,Started
275,1_tree_camp8_ls_nb_2.pdf,2023-01-18 14:23:16.515547,Complete
276,1_fuel_camp8_m_nb_4.pdf,2023-01-18 14:23:27.518376,Complete
277,1_tree_camp8_m_nb_4.pdf,2023-01-18 14:23:37.497661,Complete
278,1_fuel_camp8_m_nb_3.pdf,2023-01-18 14:23:46.668554,Complete
279,1_tree_camp8_m_nb_3.pdf,2023-01-18 14:23:55.509458,Complete
280,1_fuel_camp8_m_b_11.pdf,2023-01-18 14:24:07.166605,Complete
281,1_tree_camp8_m_b_11.pdf,2023-01-18 14:24:16.542654,Complete
282,1_fuel_camp8_m_b_5.pdf,2023-01-18 14:24:26.475564,Complete
283,1_tree_camp8_m_b_5.pdf,2023-01-18 14:24:34.878891,Complete
284,1_fuel_camp8_m_b_13.pdf,2023-01-18 14:24:42.891469,Complete
285,1_regen_camp8_m_b.pdf,2023-01-18 14:25:06.863948,Complete
286,1_tree_camp8_m_b_13.pdf,2023-01-18 14:25:17.878988,Complete
287,1_regen_camp8_m_nb.pdf,2023-01-18 14:25:46.712943,Complete
288,1_tree_camp8_m_b_6.pdf,2023-01-18 14:26:17.969000,Complete
289,1_fuel_camp8_m_b_6.pdf,2023-01-18 14:26:33.272823,Complete
290,1_tree_camp8_m_b_17.pdf,2023-01-18 14:26:43.935282,Complete
291,1_fuel_camp8_m_b_17.pdf,2023-01-18 14:26:51.090526,Complete
292,1_tree_camp8_m_nb_1.pdf,2023-01-18 14:27:05.722789,Complete
293,1_fuel_camp8_m_nb_1.pdf,2023-01-18 14:27:26.894753,Complete
294,1_tree_camp8_m_nb_10.pdf,2023-01-18 14:27:38.771919,Complete
295,1_fuel_camp8_m_nb_10.pdf,2023-01-18 14:27:47.946569,Started
296,1_tree_camp8_m_nb_6.pdf,2023-01-18 14:27:59.287163,Complete
297,1_fuel_camp8_ls_nb_2.pdf,2023-01-18 14:28:09.354123,Started
298,1_fuel_camp8_ls_nb_7.pdf,2023-01-18 14:28:17.386588,Started
299,1_regen_camp8_ls_nb(1).pdf,2023-01-18 14:28:35.994189,Complete
300,1_tree_camp8_ls_nb_7.pdf,2023-01-18 14:28:47.866391,Complete
301,1_tree_camp8_ls_nb_12.pdf,2023-01-18 14:28:57.745880,Complete
302,1_fuel_camp8_ls_nb_12.pdf,2023-01-18 14:29:05.066543,Started
303,1_fuel_dun_ls_nb_3.pdf,2023-01-18 14:29:54.884293,Complete
304,1_fuel_dun_m_nb_1.pdf,2023-01-18 14:30:11.163994,Complete
305,1_regen_dun_m_nb.pdf,2023-01-18 14:30:40.352968,Complete
307,1_tree_dun_m_nb_1.pdf,2023-01-18 14:34:07.721452,Complete
308,1_fuel_dun_m_nb_9.pdf,2023-01-18 14:35:44.658834,Complete
309,1_fuel_dun_m_nb_10.pdf,2023-01-18 14:35:55.819947,Complete
310,1_tree_dun_m_nb_9.pdf,2023-01-18 14:36:07.413429,Complete
311,1_tree_dun_m_nb_6.pdf,2023-01-18 14:36:27.834891,Complete
312,1_fuel_dun_m_nb_3.pdf,2023-01-18 14:36:42.934632,Complete
313,1_fuel_dun_m_nb_6.pdf,2023-01-18 14:36:49.583832,Complete
314,1_tree_dun_m_nb_3.pdf,2023-01-18 14:37:00.606477,Complete
315,1_tree_dun_m_nb_10.pdf,2023-01-18 14:37:15.516282,Complete
316,1_fuel_dun_ls_nb_6.pdf,2023-01-18 15:10:37.981634,Complete
317,1_fuel_dun_ls_nb_10.pdf,2023-01-18 15:11:09.242413,Complete
318,1_tree_dun_ls_nb_6.pdf,2023-01-18 15:11:24.436705,Complete
319,1_tree_dun_ls_nb_10.pdf,2023-01-18 15:12:04.533370,Complete
320,1_fuel_dun_ls_nb_1.pdf,2023-01-18 15:12:32.573798,Complete
321,1_fuel_dun_ls_nb_8.pdf,2023-01-18 15:12:41.113690,Complete
322,1_tree_dun_ls_nb_1.pdf,2023-01-18 15:12:48.796462,Complete
323,1_tree_dun_ls_nb_8.pdf,2023-01-18 15:12:59.103634,Complete
324,1_tree_dun_ls_b_7.pdf,2023-01-18 15:13:22.357419,Complete
325,1_tree_dun_ls_b_2.pdf,2023-01-18 15:13:34.376852,Complete
326,1_fuel_camp8_ls_b_12.pdf,2023-01-18 15:13:53.462493,Complete
327,1_fuel_camp8_ls_b_3.pdf,2023-01-18 15:14:02.137557,Complete
328,1_tree_camp8_ls_b_12.pdf,2023-01-18 15:14:11.075239,Complete
329,1_tree_camp8_ls_b_3.pdf,2023-01-18 15:14:19.088692,Complete
330,1_tree_dun_ls_nb_3.pdf,2023-01-18 15:15:39.442248,Complete
331,1_fuel_camp8_np_nb_8.pdf,2023-01-18 15:17:45.305959,Complete
332,1_fuel_fair_m_nb_3.pdf,2023-01-18 15:17:57.987914,Complete
333,1_tree_fair_m_nb_3.pdf,2023-01-18 15:18:06.515516,Complete
334,1_tree_fair_m_nb_3(1).pdf,2023-01-18 15:18:17.730155,Complete
335,1_tree_camp8_np_nb_8.pdf,2023-01-18 15:18:35.116853,Complete
336,1_tree_camp8_np_nb_11.pdf,2023-01-18 15:18:45.559821,Complete
337,1_fuel_camp8_np_nb_11.pdf,2023-01-18 15:18:56.998157,Complete
338,1_fuel_dun_ls_b_7.pdf,2023-01-18 15:19:07.630708,Complete
339,1_regen_camp8_np_nb.pdf,2023-01-18 15:19:29.054392,Complete
340,1_regen_camp8_np_b.pdf,2023-01-19 13:21:14.484261,Complete
341,1_fuel_camp8_np_b_7.pdf,2023-01-19 13:21:21.634063,Complete
342,1_fuel_camp8_np_b_10.pdf,2023-01-19 13:21:28.557601,Complete
343,1_tree_camp8_np_b_7.pdf,2023-01-19 13:21:37.765122,Complete
344,1_tree_camp8_np_b_10.pdf,2023-01-19 13:21:45.571466,Complete
345,1_fuel_camp8_ls_b_13.pdf,2023-01-19 13:21:58.559671,Complete
346,1_fuel_fair_m_nb_1.pdf,2023-01-19 13:22:09.293103,Complete
347,1_tree_camp8_ls_b_13.pdf,2023-01-19 13:22:53.590127,Complete
348,1_tree_fair_m_nb_1.pdf,2023-01-19 13:23:08.589395,Complete
349,1_fuel_camp8_np_nb_2.pdf,2023-01-19 13:23:28.935975,Complete
350,1_fuel_camp8_np_b_8.pdf,2023-01-19 13:23:39.009272,Complete
351,1_tree_camp8_np_b_8.pdf,2023-01-19 13:23:57.469034,Complete
352,1_tree_camp8_np_nb_2.pdf,2023-01-19 13:24:14.182030,Complete
353,1_tree_camp8_np_nb_3.pdf,2023-01-19 13:24:23.235113,Complete
354,1_tree_camp8_np_nb_10.pdf,2023-01-19 13:24:29.977392,Complete
355,1_fuel_camp8_np_nb_10.pdf,2023-01-19 13:24:39.078708,Complete
356,1_fuel_camp8_np_nb_3.pdf,2023-01-19 13:24:44.710808,Complete
357,1_tree_camp8_np_b_4.pdf,2023-01-19 13:24:54.128827,Complete
358,1_tree_camp8_ls_b_5.pdf,2023-01-19 13:25:04.045600,Complete
359,1_fuel_camp8_np_b_4.pdf,2023-01-19 13:25:10.981590,Complete
360,1_fuel_camp8_ls_b_5.pdf,2023-01-19 13:25:20.313830,Complete
361,1_fuel_camp8_np_b_2.pdf,2023-01-19 13:25:28.357091,Complete
362,1_fuel_camp8_ls_b_8.pdf,2023-01-19 13:25:38.182533,Complete
363,1_tree_camp8_np_b_2.pdf,2023-01-19 13:25:48.626099,Complete
364,1_tree_camp8_ls_b_8.pdf,2023-01-19 13:25:59.297786,Complete
366,1_tree_fair_np_nb_3.pdf,2023-01-19 13:26:36.963041,Complete
367,1_regen_fair_np_nb(1).pdf,2023-01-19 13:26:52.248056,Complete
368,1_regen_fair_np_nb.pdf,2023-01-19 13:27:05.499623,Complete
369,1_regen_camp8_ls_b.pdf,2023-01-19 13:27:32.669805,Complete
370,1_regen_camp8_ls_b(1).pdf,2023-01-19 13:27:49.548331,Complete
371,1_tree_dun_np_b_4.pdf,2023-01-19 13:36:09.426773,Complete
372,1_tree_dun_np_b_1.pdf,2023-01-19 13:37:09.123223,Complete
373,1_tree_dun_np_nb_1.pdf,2023-01-19 13:37:18.200330,Complete
374,1_tree_fair_m_nb_11.pdf,2023-01-19 13:37:28.696997,Complete
375,1_fuel_dun_np_nb_1.pdf,2023-01-19 13:37:39.931079,Complete
376,1_fuel_fair_m_nb_11.pdf,2023-01-19 13:37:47.031688,Complete
377,1_fuel_dun_np_nb_10.pdf,2023-01-19 13:38:02.307519,Complete
378,1_fuel_dun_np_nb_2.pdf,2023-01-19 13:38:16.653546,Complete
379,1_tree_dun_np_b_5.pdf,2023-01-19 13:38:30.457816,Complete
380,1_tree_fair_m_nb_13.pdf,2023-01-19 13:38:47.460578,Complete
381,1_fuel_dun_np_b_4.pdf,2023-01-19 13:39:12.717741,Complete
382,1_fuel_fair_m_nb_13.pdf,2023-01-19 13:39:28.837193,Complete
383,1_tree_dun_np_nb_2.pdf,2023-01-19 13:39:39.275079,Complete
384,1_tree_dun_np_nb_10.pdf,2023-01-19 13:39:47.491961,Complete
385,1_fuel_dun_np_b_5.pdf,2023-01-19 13:39:54.608272,Complete
386,1_fuel_dun_np_nb_4.pdf,2023-01-19 13:40:03.807742,Complete
387,1_fuel_dun_np_b_11.pdf,2023-01-19 13:40:13.233471,Complete
388,1_fuel_dun_np_b_7.pdf,2023-01-19 13:40:23.019833,Complete
389,1_tree_dun_np_b_11.pdf,2023-01-19 13:40:39.013779,Complete
390,1_tree_dun_np_b_7.pdf,2023-01-19 13:40:53.476913,Complete
391,1_tree_dun_m_b_3.pdf,2023-01-19 13:41:50.310677,Complete
392,1_tree_dun_m_b_6.pdf,2023-01-19 13:42:33.284083,Complete
393,1_fuel_dun_m_b_6.pdf,2023-01-19 13:42:44.283254,Complete
394,1_fuel_dun_m_b_3.pdf,2023-01-19 13:42:53.174704,Complete
395,1_regen_dun_ls_b.pdf,2023-01-19 13:43:15.602801,Complete
396,1_regen_dun_m_b.pdf,2023-01-19 13:43:55.675190,Complete
397,1_tree_dun_m_b_10.pdf,2023-01-19 13:44:06.603225,Complete
398,1_tree_fair_m_nb_7.pdf,2023-01-19 13:44:19.411391,Complete
399,1_fuel_dun_m_b_9.pdf,2023-01-19 13:44:31.637934,Complete
400,1_fuel_dun_m_b_10.pdf,2023-01-19 13:44:41.181789,Complete
401,1_tree_dun_m_b_1.pdf,2023-01-19 13:50:53.862234,Complete
402,1_tree_dun_m_b_9.pdf,2023-01-19 13:51:53.528841,Complete
403,1_fuel_dun_m_b_1.pdf,2023-01-19 13:52:03.186652,Complete
404,1_fuel_dun_np_b_1.pdf,2023-01-19 13:52:13.963579,Complete
405,1_regen_fair_m_nb.pdf,2023-01-19 13:52:27.242838,Complete
406,1_regen_fair_m_nb(1).pdf,2023-01-19 13:52:41.447410,Complete
407,1_fuel_fair_m_nb_7.pdf,2023-01-19 13:52:58.486877,Complete
408,1_fuel_dun_np_nb_8.pdf,2023-01-19 13:53:08.054881,Complete
409,1_regen_dun_np_nb.pdf,2023-01-19 13:53:31.368136,Complete
410,1_regen_dun_np_nb(1).pdf,2023-01-19 13:53:40.419491,Complete
411,1_tree_dun_np_nb_8.pdf,2023-01-19 13:53:55.001026,Complete
412,1_tree_dun_np_nb_4.pdf,2023-01-19 13:54:02.990439,Complete
413,1_tree_fair_np_nb_1.pdf,2023-01-19 15:28:00.393331,Complete
416,1_regen_dun_np_b.pdf,2023-01-19 15:39:03.405851,Complete
417,1_tree_crib_ls_b_8(1).pdf,2023-02-20 08:01:40.185844,Complete
418,1_tree_fair_ls_b_8(1).pdf,2023-03-20 10:01:42.357795,Complete
419,1_fuel_bob_m_b_2.pdf,2024-01-05 16:49:44.909840,Complete
420,1_tree_bob_m_b_2.pdf,2024-01-05 16:50:08.878415,Complete
421,1_regen_bob_m_b(1).pdf,2024-01-05 16:50:35.712783,Complete
422,1_fuel_bob_m_nb_2.pdf,2024-01-05 16:51:08.582794,Complete
423,1_tree_bob_m_nb_2.pdf,2024-01-05 16:51:40.468080,Complete
424,1_regen_bob_m_nb(2).pdf,2024-01-05 16:51:52.318389,Complete
425,1_fuel_fair_m_b_2.pdf,2024-01-05 16:52:27.910915,Complete
426,1_tree_fair_m_b_2.pdf,2024-01-05 16:52:44.339072,Complete
427,1_regen_fair_m_b(1).pdf,2024-01-05 16:52:57.867382,Complete
428,1_fuel_fair_ls_b_6.pdf,2024-03-07 16:32:17.092370,Complete
429,1_tree_fair_ls_b_7.pdf,2024-03-07 16:32:29.653768,Complete
430,1_tree_fair_ls_b_7(1).pdf,2024-03-07 16:32:45.476997,Complete
431,1_fuel_fair_ls_b_7.pdf,2024-03-07 16:32:55.569459,Complete
432,1_regen_fair_ls_b(1).pdf,2024-03-07 16:33:11.325250,Complete
434,1_fuel_camp8_np_b_6.pdf,2024-03-07 16:41:38.176747,Complete
435,1_tree_camp8_np_b_6.pdf,2024-03-07 16:41:50.951249,Complete
436,1_regen_camp8_np_b(1).pdf,2024-03-07 16:42:01.797175,Complete
437,1_tree_dun_ls_b_11.pdf,2024-03-07 16:43:51.754350,Complete
438,1_regen_dun_ls_b(1).pdf,2024-03-07 16:44:04.681849,Complete
439,1_fuel_dun_ls_b_11.pdf,2024-03-07 16:44:20.957133,Complete
440,1_tree_hare_ls_nb_3.pdf,2024-03-07 16:44:35.261208,Complete
441,1_regen_hare_ls_nb(1).pdf,2024-03-07 16:44:49.582262,Complete
442,1_fuel_hare_ls_nb_3.pdf,2024-03-07 16:45:00.495606,Complete
443,1_fuel_bob_np_b_10.pdf,2024-03-07 16:45:17.082264,Complete
444,1_regen_bob_np_b(2).pdf,2024-03-07 16:45:30.291564,Complete
445,1_tree_bob_np_b_10.pdf,2024-03-07 16:45:40.998155,Complete
446,1_tree_fair_m_nb_2.pdf,2024-03-07 16:46:02.930939,Complete
447,1_regen_fair_m_nb(2).pdf,2024-03-07 16:46:13.403026,Complete
448,1_fuel_fair_m_nb_2.pdf,2024-03-07 16:46:24.680083,Complete
449,1_fuel_camp8_m_nb_2.pdf,2024-05-09 07:25:11.064150,Complete
450,1_tree_camp8_m_nb_2.pdf,2024-05-09 07:25:31.773250,Complete
451,1_regen_camp8_m_nb(1).pdf,2024-05-09 07:25:43.209833,Complete
452,1_tree_fair_ls_b_6.pdf,2024-05-09 07:31:06.090600,Complete
453,1_fuel_hare_ls_nb_5.pdf,2024-05-09 07:32:06.733788,Complete
454,1_tree_hare_ls_nb_5.pdf,2024-05-09 07:32:16.996380,Complete
455,1_regen_hare_ls_nb(2).pdf,2024-05-09 07:32:37.537071,Complete
456,1_fuel_bob_ls_nb_5.pdf,2024-05-13 08:54:13.575910,Complete
457,1_regen_bob_ls_nb(1).pdf,2024-05-13 08:54:25.799528,Complete
458,1_tree_bob_ls_nb_5.pdf,2024-05-13 08:54:39.296575,Complete
459,1_tree_dun_ls_b_22.pdf,2024-05-13 08:56:23.065710,Complete
460,1_regen_dun_ls_b(2).pdf,2024-05-13 08:56:30.197848,Complete
461,1_fuel_dun_ls_b_22.pdf,2024-05-13 08:56:39.307149,Complete
